body_taxonomic,body_id,body_label,synonym,plural_of,wikipedia_page
ablabesmyia,ablabesmyia,ablabesmyia,,,https://en.wikipedia.org/wiki/Ablabesmyia
ablabesmyia~janta,ablabesmyia~janta,ablabesmyia~janta,,,
ablabesmyia~mallochi,ablabesmyia~mallochi,ablabesmyia~mallochi,,,
acamptocladius,acamptocladius,acamptocladius,,,https://en.wikipedia.org/wiki/Acamptocladius
acentropus,acentropus,acentropus,acentria,,https://en.wikipedia.org/wiki/Acentria
actinobdella,actinobdella,actinobdella,,,
actinomycetes,actinomycetes,actinomycetes,,,https://en.wikipedia.org/wiki/Actinomycetales
adenophorea,adenophorea,adenophorea,,,https://en.wikipedia.org/wiki/Adenophorea
adicrophleps,adicrophleps,adicrophleps,,,
aedes,aedes,aedes,,,https://en.wikipedia.org/wiki/Aedes
aeolosoma,aeolosoma,aeolosoma,,,
aeolosomatidae,aeolosomatidae,aeolosomatidae,,,https://en.wikipedia.org/wiki/Aeolosomatidae
agapetus,agapetus,agapetus,,,https://en.wikipedia.org/wiki/Agapetus_(genus)
agarodes,agarodes,agarodes,,,
agathon,agathon,agathon,,,
agraylea,agraylea,agraylea,,,
agrypnia,agrypnia,agrypnia,,,https://en.wikipedia.org/wiki/Agrypnia
alciopidae,alciopidae,alciopidae,,,
algae,algae,algae,,,https://en.wikipedia.org/wiki/Algae
alisotrichia,alisotrichia,alisotrichia,,,
allocosmoecus,allocosmoecus,allocosmoecus,,,
alluaudomyia,alluaudomyia,alluaudomyia,,,
alona,alona,alona,,,https://en.wikipedia.org/wiki/Alona_(crustacean)
amiocentrus,amiocentrus,amiocentrus,,,
amiocentrus~aspilus,amiocentrus~aspilus,amiocentrus~aspilus,,,
ampharetidae,ampharetidae,ampharetidae,,,https://en.wikipedia.org/wiki/Ampharetidae
amphicosmoecus,amphicosmoecus,amphicosmoecus,,,
amphinemura,amphinemura,amphinemura,,,
amphinomidae,amphinomidae,amphinomidae,,,https://en.wikipedia.org/wiki/Amphinomidae
amphipoda,amphipoda,amphipoda,,,https://en.wikipedia.org/wiki/Amphipoda
amphiporidae,amphiporidae,amphiporidae,,,
amphiporus,amphiporus,amphiporus,,,
anabolia,anabolia,anabolia,,,
anagapetus,anagapetus,anagapetus,,,
anaitides,anaitides,anaitides,,,
anatopynia,anatopynia,anatopynia,,,https://en.wikipedia.org/wiki/Anatopynia
anisocentropus,anisocentropus,anisocentropus,,,
anisocentropus~pyraloides,anisocentropus~pyraloides,anisocentropus~pyraloides,,,
annelida,annelida,annelida,,,https://en.wikipedia.org/wiki/Annelid
anopheles,anopheles,anopheles,,,https://en.wikipedia.org/wiki/Anopheles
anopla,anopla,anopla,,,https://en.wikipedia.org/wiki/Anopla
anostraca,anostraca,anostraca,,,https://en.wikipedia.org/wiki/Anostraca
anthozoa,anthozoa,anthozoa,,,https://en.wikipedia.org/wiki/Anthozoa
anthuridae,anthuridae,anthuridae,anthuroidea,,https://en.wikipedia.org/wiki/Anthuroidea
antichaeta,antichaeta,antichaeta,,,
antocha,antocha,antocha,,,https://en.wikipedia.org/wiki/Antocha
apatania,apatania,apatania,,,
aphroditidae,aphroditidae,aphroditidae,,,
aphrosylus,aphrosylus,aphrosylus,,,https://en.wikipedia.org/wiki/Aphrosylus
apistobranchidae,apistobranchidae,apistobranchidae,,,
apsectrotanypus,apsectrotanypus,apsectrotanypus,,,https://en.wikipedia.org/wiki/Apsectrotanypus
arabellidae,arabellidae,arabellidae,,,
archanara,archanara,archanara,,,https://en.wikipedia.org/wiki/Archanara
archips,archips,archips,,,https://en.wikipedia.org/wiki/Archips
arctopelopia,arctopelopia,arctopelopia,,,https://en.wikipedia.org/wiki/Arctopelopia
arctopora,arctopora,arctopora,,,
arctopsyche,arctopsyche,arctopsyche,,,
arenicolidae,arenicolidae,arenicolidae,,,https://en.wikipedia.org/wiki/Arenicolidae
argyra,argyra,argyra,,,https://en.wikipedia.org/wiki/Argyra
arthropoda,arthropoda,arthropoda,arthropod,,https://en.wikipedia.org/wiki/Arthropod
ascomorpha,ascomorpha,ascomorpha,,,
asellidae,asellidae,asellidae,,,https://en.wikipedia.org/wiki/Asellidae
asellus,asellus,asellus,,,https://en.wikipedia.org/wiki/Asellus
asellus~intermedius,asellus~intermedius,asellus~intermedius,,,
asplanchna,asplanchna,asplanchna,,,
asplanchnidae,asplanchnidae,asplanchnidae,,,
astacidae,astacidae,astacidae,,,https://en.wikipedia.org/wiki/Astacidae
asynarchus,asynarchus,asynarchus,,,
atherix,atherix,atherix,,,https://en.wikipedia.org/wiki/Atherix
atherix~variegata,atherix~variegata,atherix~variegata,,,
athripsodes,athripsodes,athripsodes,,,
atopsyche,atopsyche,atopsyche,,,
atrichomelina,atrichomelina,atrichomelina,,,https://en.wikipedia.org/wiki/Atrichomelina
atrichopogon,atrichopogon,atrichopogon,,,https://en.wikipedia.org/wiki/Atrichopogon
atyidae,atyidae,atyidae,,,https://en.wikipedia.org/wiki/Atyidae
aulodrilus,aulodrilus,aulodrilus,,,
axiothella,axiothella,axiothella,,,
bacteria,bacteria,bacteria,,,https://en.wikipedia.org/wiki/Bacteria
bacteria~diazotroph,diazotroph,diazotroph,,,https://en.wikipedia.org/wiki/Diazotroph
bacteria~diazotrophs,diazotrophs,diazotrophs,,diazotroph,
balanus,balanus,balanus,,,https://en.wikipedia.org/wiki/Balanus
banksiola,banksiola,banksiola,,,
batracobdella,batracobdella,batracobdella,,,
bdelloidea,bdelloidea,bdelloidea,,,https://en.wikipedia.org/wiki/Bdelloidea
bdellonemertea,bdellonemertea,bdellonemertea,malacobdellidae,,https://en.wikipedia.org/wiki/Malacobdellidae
bear,bear,bear,,,http://en.wikipedia.org/wiki/Bear
bear~black,bear~black,bear~black,,,https://en.wikipedia.org/wiki/Black_bear
bear~black~american,bear~black~american,bear~black~american,,,https://en.wikipedia.org/wiki/American_black_bear
bellura,bellura,bellura,,,https://en.wikipedia.org/wiki/Bellura
beraea,beraea,beraea,,,
beraeidae,beraeidae,beraeidae,,,
bezzia,bezzia,bezzia,,,
bibiocephala,bibiocephala,bibiocephala,,,
biota,biota,biota,,,https://en.wikipedia.org/wiki/Biota_(ecology)
bittacomorpha,bittacomorpha,bittacomorpha,,,
bodotriidae,bodotriidae,bodotriidae,,,https://en.wikipedia.org/wiki/Bodotriidae
bopyridae,bopyridae,bopyridae,,,https://en.wikipedia.org/wiki/Bopyridae
boreoheptagyia,boreoheptagyia,boreoheptagyia,,,https://en.wikipedia.org/wiki/Boreoheptagyia
bosmina,bosmina,bosmina,,,https://en.wikipedia.org/wiki/Bosmina
bosminidae,bosminidae,bosminidae,,,
brachionus,brachionus,brachionus,,,https://en.wikipedia.org/wiki/Brachionus
brachiopoda,brachiopoda,brachiopoda,,,https://en.wikipedia.org/wiki/Brachiopod
brachycentridae,brachycentridae,brachycentridae,,,https://en.wikipedia.org/wiki/Brachycentridae
brachycentrus,brachycentrus,brachycentrus,,,
brachycentrus~americanus,brachycentrus~americanus,brachycentrus~americanus,,,
brachydeutera,brachydeutera,brachydeutera,,,
brain,brain,brain,,,http://en.wikipedia.org/wiki/Brain
branchiobdellidae,branchiobdellidae,branchiobdellidae,,,
branchiura,branchiura,branchiura,,,https://en.wikipedia.org/wiki/Branchiura
bridge,bridge,bridge,,,http://en.wikipedia.org/wiki/Bridge
brillia,brillia,brillia,,,https://en.wikipedia.org/wiki/Brillia
bryophaenocladius,bryophaenocladius,bryophaenocladius,,,https://en.wikipedia.org/wiki/Bryophaenocladius
calamoceratidae,calamoceratidae,calamoceratidae,,,
calanoida,calanoida,calanoida,,,https://en.wikipedia.org/wiki/Calanoida
callinectes,callinectes,callinectes,,,https://en.wikipedia.org/wiki/Callinectes
cambarellus,cambarellus,cambarellus,,,https://en.wikipedia.org/wiki/Cambarellus
cambarus,cambarus,cambarus,,,https://en.wikipedia.org/wiki/Cambarus
cambarus~bartoni,cambarus~bartoni,cambarus~bartoni,cambarus~bartonii,,https://en.wikipedia.org/wiki/Cambarus_bartonii
cambarus~diogenes,cambarus~diogenes,cambarus~diogenes,,,https://en.wikipedia.org/wiki/Cambarus_diogenes
campsicnemus,campsicnemus,campsicnemus,,,https://en.wikipedia.org/wiki/Campsicnemus
camptocercus,camptocercus,camptocercus,,,
canaceidae,canaceidae,canaceidae,,,
cancer,cancer,cancer,,,https://en.wikipedia.org/wiki/Cancer_(genus)
cancridae,cancridae,cancridae,,,https://en.wikipedia.org/wiki/Cancridae
candocypria,candocypria,candocypria,,,
candona,candona,candona,,,https://en.wikipedia.org/wiki/Candona
canthocamptus,canthocamptus,canthocamptus,,,https://en.wikipedia.org/wiki/Canthocamptus
cantopelopia,cantopelopia,cantopelopia,,,
capitellidae,capitellidae,capitellidae,,,https://en.wikipedia.org/wiki/Capitellidae
caprella,caprella,caprella,,,https://en.wikipedia.org/wiki/Caprella
caprellidae,caprellidae,caprellidae,,,https://en.wikipedia.org/wiki/Caprellidae
cardiocladius,cardiocladius,cardiocladius,,,https://en.wikipedia.org/wiki/Cardiocladius
carinomidae,carinomidae,carinomidae,,,
carp,carp,carp,,,https://en.wikipedia.org/wiki/Carp
carp~bighead,carp~bighead,carp~bighead,hypophthalmichthys~nobilis,,https://en.wikipedia.org/wiki/Bighead_carp
carp~silver,carp~silver,carp~silver,hypophthalmichthys~molitrix,,https://en.wikipedia.org/wiki/Silver_carp
cell~platelet,cell~platelet,cell~platelet,,,https://en.wikipedia.org/wiki/Platelet
cell~red,cell~red,cell~red,,,https://en.wikipedia.org/wiki/Red_blood_cell
cell~white,cell~white,cell~white,,,https://en.wikipedia.org/wiki/White_blood_cell
cephalodella,cephalodella,cephalodella,,,https://en.wikipedia.org/wiki/Cephalodella
cephalothricidae,cephalothricidae,cephalothricidae,,,
ceraclea,ceraclea,ceraclea,,,
ceratopogon,ceratopogon,ceratopogon,,,
ceratopogonidae,ceratopogonidae,ceratopogonidae,,,https://en.wikipedia.org/wiki/Ceratopogonidae
cerebratulus,cerebratulus,cerebratulus,,,
ceriodaphnia,ceriodaphnia,ceriodaphnia,,,
cernotina,cernotina,cernotina,,,
chaetocladius,chaetocladius,chaetocladius,,,https://en.wikipedia.org/wiki/Chaetocladius
chaetogaster,chaetogaster,chaetogaster,,,https://en.wikipedia.org/wiki/Chaetogaster
chaetognatha,chaetognatha,chaetognatha,worms~arrow,,https://en.wikipedia.org/wiki/Chaetognatha
chaetopteridae,chaetopteridae,chaetopteridae,,,https://en.wikipedia.org/wiki/Chaetopteridae
channel~river,channel~river,channel~river,,,https://en.wikipedia.org/wiki/River
channel~stream,channel~stream,channel~stream,,,https://en.wikipedia.org/wiki/Stream
channels~rivers,channels~rivers,channels~rivers,,channel~river,
chaoboridae,chaoboridae,chaoboridae,,,https://en.wikipedia.org/wiki/Chaoboridae
chaoborus,chaoborus,chaoborus,glassworm,,https://en.wikipedia.org/wiki/Glassworm
chelifera,chelifera,chelifera,,,
cheumatopsyche,cheumatopsyche,cheumatopsyche,,,
chilo,chilo,chilo,,,https://en.wikipedia.org/wiki/Chilo_(moth)
chilostigma,chilostigma,chilostigma,,,https://en.wikipedia.org/wiki/Chilostigma
chilostigmodes,chilostigmodes,chilostigmodes,,,
chimarra,chimarra,chimarra,,,
chironomidae,chironomidae,chironomidae,fly~lake,,https://en.wikipedia.org/wiki/Chironomidae
chironomus,chironomus,chironomus,,,https://en.wikipedia.org/wiki/Chironomus
chlorohydra,chlorohydra,chlorohydra,,,
chrysendeton,chrysendeton,chrysendeton,,,https://en.wikipedia.org/wiki/Chrysendeton
chrysopetalidae,chrysopetalidae,chrysopetalidae,,,https://en.wikipedia.org/wiki/Chrysopetalidae
chrysops,chrysops,chrysops,fly~deer,,https://en.wikipedia.org/wiki/Deer_fly
chydoridae,chydoridae,chydoridae,,,
cirratulidae,cirratulidae,cirratulidae,,,https://en.wikipedia.org/wiki/Cirratulidae
cirriformia,cirriformia,cirriformia,,,https://en.wikipedia.org/wiki/Cirriformia
cladopelma,cladopelma,cladopelma,,,https://en.wikipedia.org/wiki/Cladopelma
cladotanytarsus,cladotanytarsus,cladotanytarsus,,,https://en.wikipedia.org/wiki/Cladotanytarsus
clavidae,clavidae,clavidae,hydractiniidae,,https://en.wikipedia.org/wiki/Hydractiniidae
clinocera,clinocera,clinocera,,,
clinotanypus,clinotanypus,clinotanypus,,,https://en.wikipedia.org/wiki/Clinotanypus
clistoronia,clistoronia,clistoronia,,,
clitellio,clitellio,clitellio,,,
clostoeca,clostoeca,clostoeca,,,
clostridium,clostridium,clostridium,,,https://en.wikipedia.org/wiki/Clostridium
clostridium~perfringens,clostridium~perfringens,clostridium~perfringens,,,https://en.wikipedia.org/wiki/Clostridium_perfringens
clunio,clunio,clunio,,,https://en.wikipedia.org/wiki/Clunio
cnephia,cnephia,cnephia,,,https://en.wikipedia.org/wiki/Cnephia
cnidaria,cnidaria,cnidaria,,,https://en.wikipedia.org/wiki/Cnidaria
coelotanypus,coelotanypus,coelotanypus,,,
coelotanypus~scapularis,coelotanypus~scapularis,coelotanypus~scapularis,,,
coliform,coliform,coliform,,,https://en.wikipedia.org/wiki/Coliform_bacteria
coliforms,coliforms,coliforms,,coliform,
coliforms~fecal,coliforms~fecal,coliforms~fecal,,,https://en.wikipedia.org/wiki/Fecal_coliform
collothecaceae,collothecaceae,collothecaceae,,,
collothecidae,collothecidae,collothecidae,,,
colobaea,colobaea,colobaea,,,https://en.wikipedia.org/wiki/Colobaea
conchapelopia,conchapelopia,conchapelopia,,,https://en.wikipedia.org/wiki/Conchapelopia
conchostraca,conchostraca,conchostraca,shrimp~clam,,https://en.wikipedia.org/wiki/Clam_shrimp
conochilidae,conochilidae,conochilidae,,,
conochiloides,conochiloides,conochiloides,,,
constempellina,constempellina,constempellina,,,https://en.wikipedia.org/wiki/Constempellina
contiger,contiger,contiger,,,https://en.wikipedia.org/wiki/Contiger
cordylophora,cordylophora,cordylophora,,,https://en.wikipedia.org/wiki/Cordylophoridae
cordylophora~lacustris,cordylophora~lacustris,cordylophora~lacustris,,,
corethrella,corethrella,corethrella,,,https://en.wikipedia.org/wiki/Corethrella
corophiidae,corophiidae,corophiidae,,,https://en.wikipedia.org/wiki/Corophiidae
corophium,corophium,corophium,,,https://en.wikipedia.org/wiki/Corophium
corynoneura,corynoneura,corynoneura,,,https://en.wikipedia.org/wiki/Corynoneura
crangonyx,crangonyx,crangonyx,,,https://en.wikipedia.org/wiki/Crangonyx
cricotopus,cricotopus,cricotopus,,,https://en.wikipedia.org/wiki/Cricotopus
cricotopus~bicinctus,cricotopus~bicinctus,cricotopus~bicinctus,,,https://en.wikipedia.org/wiki/Cricotopus_bicinctus
cryptochia,cryptochia,cryptochia,,,
cryptochironomus,cryptochironomus,cryptochironomus,,,https://en.wikipedia.org/wiki/Cryptochironomus
cryptochironomus~blarina,cryptochironomus~blarina,cryptochironomus~blarina,,,
cryptochironomus~fulvus,cryptochironomus~fulvus,cryptochironomus~fulvus,,,
cryptosporidium,cryptosporidium,cryptosporidium,,,https://en.wikipedia.org/wiki/Cryptosporidium
cryptotendipes,cryptotendipes,cryptotendipes,,,https://en.wikipedia.org/wiki/Cryptotendipes
ctenophora,ctenophora,ctenophora,,,https://en.wikipedia.org/wiki/Ctenophora
culex,culex,culex,,,https://en.wikipedia.org/wiki/Culex
culicidae,culicidae,culicidae,mosquito,,https://en.wikipedia.org/wiki/Mosquito
culicoides,culicoides,culicoides,,,https://en.wikipedia.org/wiki/Culicoides
culiseta,culiseta,culiseta,,,https://en.wikipedia.org/wiki/Culiseta
culoptila,culoptila,culoptila,,,https://en.wikipedia.org/wiki/Culoptila
cumacea,cumacea,cumacea,,,https://en.wikipedia.org/wiki/Cumacea
cyclaspis,cyclaspis,cyclaspis,,,https://en.wikipedia.org/wiki/Cyclaspis
cyclocypria,cyclocypria,cyclocypria,,,
cyclocypris,cyclocypris,cyclocypris,,,
cyclopidae,cyclopidae,cyclopidae,,,https://en.wikipedia.org/wiki/Cyclopidae
cyclopoida,cyclopoida,cyclopoida,,,https://en.wikipedia.org/wiki/Cyclopoida
cyclops,cyclops,cyclops,,,https://en.wikipedia.org/wiki/Cyclops_(genus)
cymothoidae,cymothoidae,cymothoidae,,,https://en.wikipedia.org/wiki/Cymothoidae
cypria,cypria,cypria,,,
cypricercus,cypricercus,cypricercus,,,https://en.wikipedia.org/wiki/Cypricercus
cypridopsis,cypridopsis,cypridopsis,,,
cyprinotus,cyprinotus,cyprinotus,,,
cypris,cypris,cypris,,,
cyrnellus,cyrnellus,cyrnellus,,,
cyrnellus~fraternus,cyrnellus~fraternus,cyrnellus~fraternus,,,
dactylolabis,dactylolabis,dactylolabis,,,https://en.wikipedia.org/wiki/Dactylolabis
daphnia,daphnia,daphnia,,,https://en.wikipedia.org/wiki/Daphnia
daphnidae,daphnidae,daphnidae,daphniidae,,https://en.wikipedia.org/wiki/Daphniidae
dasyhelea,dasyhelea,dasyhelea,,,https://en.wikipedia.org/wiki/Dasyhelea
decapoda,decapoda,decapoda,,,https://en.wikipedia.org/wiki/Decapoda
demicryptochironomus,demicryptochironomus,demicryptochironomus,,,https://en.wikipedia.org/wiki/Demicryptochironomus
dendrocoelidae,dendrocoelidae,dendrocoelidae,,,https://en.wikipedia.org/wiki/Dendrocoelidae
dero,dero,dero,,,
desmona,desmona,desmona,,,
deuterophlebia,deuterophlebia,deuterophlebia,,,https://en.wikipedia.org/wiki/Deuterophlebia
deuterophlebiidae,deuterophlebiidae,deuterophlebiidae,,,
diamesa,diamesa,diamesa,,,https://en.wikipedia.org/wiki/Diamesa
diaphanosoma,diaphanosoma,diaphanosoma,,,
diaptomidae,diaptomidae,diaptomidae,,,https://en.wikipedia.org/wiki/Diaptomidae
diaptomus,diaptomus,diaptomus,,,https://en.wikipedia.org/wiki/Diaptomus
diastylidae,diastylidae,diastylidae,,,https://en.wikipedia.org/wiki/Diastylidae
diastylis,diastylis,diastylis,,,https://en.wikipedia.org/wiki/Diastylis
dibusa,dibusa,dibusa,,,
dibusa~angata,dibusa~angata,dibusa~angata,,,
dicosmoecus,dicosmoecus,dicosmoecus,,,
dicranota,dicranota,dicranota,,,https://en.wikipedia.org/wiki/Dicranota
dictya,dictya,dictya,,,https://en.wikipedia.org/wiki/Dictya
dina,dina,dina,,,
diplectrona,diplectrona,diplectrona,,,
diplocladius,diplocladius,diplocladius,,,https://en.wikipedia.org/wiki/Diplocladius
diptera,diptera,diptera,fly,,https://en.wikipedia.org/wiki/Fly
dixa,dixa,dixa,,,
dixella,dixella,dixella,,,
dixidae,dixidae,dixidae,,,https://en.wikipedia.org/wiki/Dixidae
dolichocephala,dolichocephala,dolichocephala,,,https://en.wikipedia.org/wiki/Dolichocephala
dolichopodidae,dolichopodidae,dolichopodidae,,,https://en.wikipedia.org/wiki/Dolichopodidae
dolichopus,dolichopus,dolichopus,,,https://en.wikipedia.org/wiki/Dolichopus
dolophilodes,dolophilodes,dolophilodes,,,
dorvilleidae,dorvilleidae,dorvilleidae,,,
dugesia,dugesia,dugesia,,,https://en.wikipedia.org/wiki/Dugesia
ecclisocosmoecus,ecclisocosmoecus,ecclisocosmoecus,,,
ecclisomyia,ecclisomyia,ecclisomyia,,,
einfeldia,einfeldia,einfeldia,,,https://en.wikipedia.org/wiki/Einfeldia
elasmopus,elasmopus,elasmopus,,,
elgiva,elgiva,elgiva,,,
elliptera,elliptera,elliptera,,,https://en.wikipedia.org/wiki/Elliptera
empididae,empididae,empididae,,,https://en.wikipedia.org/wiki/Empididae
emplectonematidae,emplectonematidae,emplectonematidae,,,
enchytraeidae,enchytraeidae,enchytraeidae,,,https://en.wikipedia.org/wiki/Enchytraeidae
endochironomus,endochironomus,endochironomus,,,https://en.wikipedia.org/wiki/Endochironomus
enopla,enopla,enopla,,,https://en.wikipedia.org/wiki/Enopla
enterobacter,enterobacter,enterobacter,,,https://en.wikipedia.org/wiki/Enterobacter
enterobacter~cloacae,enterobacter~cloacae,enterobacter~cloacae,,,https://en.wikipedia.org/wiki/Enterobacter_cloacae
enterococci,enterococci,enterococci,,enterococcus,
enterococcus,enterococcus,enterococcus,,,https://en.wikipedia.org/wiki/Enterococcus
eobrachycentrus,eobrachycentrus,eobrachycentrus,,,
eoparargyractis,eoparargyractis,eoparargyractis,,,https://en.wikipedia.org/wiki/Eoparargyractis
ephydra,ephydra,ephydra,,,
ephydridae,ephydridae,ephydridae,,,https://en.wikipedia.org/wiki/Ephydridae
epinebalia,epinebalia,epinebalia,,,
epithemiaceae,epithemiaceae,epithemiaceae,,,
epoicocladius,epoicocladius,epoicocladius,,,https://en.wikipedia.org/wiki/Epoicocladius
eriocera,eriocera,eriocera,,,https://en.wikipedia.org/wiki/Eriocera
erioptera,erioptera,erioptera,,,https://en.wikipedia.org/wiki/Erioptera
eristalis,eristalis,eristalis,,,https://en.wikipedia.org/wiki/Eristalis
erpobdella,erpobdella,erpobdella,,,https://en.wikipedia.org/wiki/Erpobdella
erpobdellidae,erpobdellidae,erpobdellidae,,,https://en.wikipedia.org/wiki/Erpobdellidae
escherichia,escherichia,escherichia,,,https://en.wikipedia.org/wiki/Escherichia
escherichia~coli,escherichia~coli,escherichia~coli,,,https://en.wikipedia.org/wiki/Escherichia_coli
eteone,eteone,eteone,,,
euchlanis,euchlanis,euchlanis,,,
eucorethra,eucorethra,eucorethra,,,
eucyclops,eucyclops,eucyclops,,,
eucypris,eucypris,eucypris,,,
eukiefferiella,eukiefferiella,eukiefferiella,,,https://en.wikipedia.org/wiki/Eukiefferiella
eunicidae,eunicidae,eunicidae,,,https://en.wikipedia.org/wiki/Eunicidae
euparyphus,euparyphus,euparyphus,,,https://en.wikipedia.org/wiki/Euparyphus
euphausiacea,euphausiacea,euphausiacea,krill,,https://en.wikipedia.org/wiki/Krill
euphrosinidae,euphrosinidae,euphrosinidae,,,https://en.wikipedia.org/wiki/Euphrosinidae
eurycercus,eurycercus,eurycercus,,,
eurytemora,eurytemora,eurytemora,,,
eusimulium,eusimulium,eusimulium,,,
exosphaeroma,exosphaeroma,exosphaeroma,,,https://en.wikipedia.org/wiki/Exosphaeroma
fabria,fabria,fabria,,,
farula,farula,farula,,,
fattigia,fattigia,fattigia,,,
filinia,filinia,filinia,,,
fish,fish,fish,,,http://en.wikipedia.org/wiki/Fish
flabelligeridae,flabelligeridae,flabelligeridae,,,
flagellate,flagellate,flagellate,,,https://en.wikipedia.org/wiki/Flagellate
flagellates,flagellates,flagellates,,flagellate,
flosculariaceae,flosculariaceae,flosculariaceae,,,
foraminiferida,foraminiferida,foraminiferida,,,
forcipomyia,forcipomyia,forcipomyia,,,https://en.wikipedia.org/wiki/Forcipomyia
frenesia,frenesia,frenesia,,,
gammaridae,gammaridae,gammaridae,,,https://en.wikipedia.org/wiki/Gammaridae
gammarus,gammarus,gammarus,,,https://en.wikipedia.org/wiki/Gammarus
gastropidae,gastropidae,gastropidae,,,
georthocladius,georthocladius,georthocladius,,,https://en.wikipedia.org/wiki/Georthocladius
giardia,giardia,giardia,,,https://en.wikipedia.org/wiki/Giardia
glacier,glacier,glacier,,,http://en.wikipedia.org/wiki/Glacier
glossiphonia,glossiphonia,glossiphonia,,,
glossiphoniidae,glossiphoniidae,glossiphoniidae,,,https://en.wikipedia.org/wiki/Glossiphoniidae
glossosoma,glossosoma,glossosoma,,,
glossosomatidae,glossosomatidae,glossosomatidae,,,https://en.wikipedia.org/wiki/Glossosomatidae
glycera,glycera,glycera,,,https://en.wikipedia.org/wiki/Glycera_(annelid)
glyceridae,glyceridae,glyceridae,,,https://en.wikipedia.org/wiki/Glyceridae
glyphopsyche,glyphopsyche,glyphopsyche,,,
glyphotaelius,glyphotaelius,glyphotaelius,,,
glyptotendipes,glyptotendipes,glyptotendipes,,,https://en.wikipedia.org/wiki/Glyptotendipes
gnathobdellida,gnathobdellida,gnathobdellida,hirudiniformes,,https://en.wikipedia.org/wiki/Hirudiniformes
gnorimosphaeroma,gnorimosphaeroma,gnorimosphaeroma,,,https://en.wikipedia.org/wiki/Gnorimosphaeroma
goeldichironomus,goeldichironomus,goeldichironomus,,,
goera,goera,goera,,,
goeracea,goeracea,goeracea,,,
goereilla,goereilla,goereilla,,,
goeridae,goeridae,goeridae,,,
goerita,goerita,goerita,,,
goniadidae,goniadidae,goniadidae,,,
gonomyia,gonomyia,gonomyia,,,https://en.wikipedia.org/wiki/Gonomyia
graceus,graceus,graceus,,,https://en.wikipedia.org/wiki/Graceus
grammotaulius,grammotaulius,grammotaulius,,,
greniera,greniera,greniera,,,
grensia,grensia,grensia,,,
gumaga,gumaga,gumaga,,,
guttipelopia,guttipelopia,guttipelopia,,,https://en.wikipedia.org/wiki/Guttipelopia
gymnopais,gymnopais,gymnopais,,,
hagenella,hagenella,hagenella,,,
halesochila,halesochila,halesochila,,,
halocladius,halocladius,halocladius,,,https://en.wikipedia.org/wiki/Halocladius
haploscoloplos,haploscoloplos,haploscoloplos,,,
haplotaxidae,haplotaxidae,haplotaxidae,,,
harnischia,harnischia,harnischia,,,https://en.wikipedia.org/wiki/Harnischia
harpacticoida,harpacticoida,harpacticoida,,,https://en.wikipedia.org/wiki/Harpacticoida
hedria,hedria,hedria,,,
heleniella,heleniella,heleniella,,,https://en.wikipedia.org/wiki/Heleniella
helicobacter,helicobacter,helicobacter,,,https://en.wikipedia.org/wiki/Helicobacter
helicobacter~pylori,helicobacter~pylori,helicobacter~pylori,,,https://en.wikipedia.org/wiki/Helicobacter_pylori
helicopsyche,helicopsyche,helicopsyche,,,https://en.wikipedia.org/wiki/Helicopsyche
helicopsychidae,helicopsychidae,helicopsychidae,caddisfly~snail-case,,https://en.wikipedia.org/wiki/Snail-case_caddisfly
helius,helius,helius,,,https://en.wikipedia.org/wiki/Helius_(fly)
helobdella,helobdella,helobdella,,,https://en.wikipedia.org/wiki/Helobdella
hemerodromia,hemerodromia,hemerodromia,,,
herpetocypris,herpetocypris,herpetocypris,,,
hesionidae,hesionidae,hesionidae,,,https://en.wikipedia.org/wiki/Hesionidae
hesperophylax,hesperophylax,hesperophylax,,,
heteromyia,heteromyia,heteromyia,,,
heteronemertea,heteronemertea,heteronemertea,,,https://en.wikipedia.org/wiki/Heteronemertea
heteroplectron,heteroplectron,heteroplectron,,,
heterotanytarsus,heterotanytarsus,heterotanytarsus,,,https://en.wikipedia.org/wiki/Heterotanytarsus
heterotrissocladius,heterotrissocladius,heterotrissocladius,,,https://en.wikipedia.org/wiki/Heterotrissocladius
hexarthra,hexarthra,hexarthra,,,
hexatoma,hexatoma,hexatoma,,,https://en.wikipedia.org/wiki/Hexatoma
himalopsyche,himalopsyche,himalopsyche,,,
hirudinea,hirudinea,hirudinea,leech,,https://en.wikipedia.org/wiki/Leech
holopedidae,holopedidae,holopedidae,,,
holopedium,holopedium,holopedium,,,
holorusia,holorusia,holorusia,,,https://en.wikipedia.org/wiki/Holorusia
homophylax,homophylax,homophylax,,,
homoplectra,homoplectra,homoplectra,,,
hoplonemertea,hoplonemertea,hoplonemertea,,,
human,human,human,,,http://en.wikipedia.org/wiki/Human
hydatophylax,hydatophylax,hydatophylax,,,
hydra,hydra,hydra,,,https://en.wikipedia.org/wiki/Hydra_(genus)
hydridae,hydridae,hydridae,,,
hydrobaenus,hydrobaenus,hydrobaenus,,,
hydroida,hydroida,hydroida,,,https://en.wikipedia.org/wiki/Hydroida
hydrophoria,hydrophoria,hydrophoria,,,
hydrophorus,hydrophorus,hydrophorus,,,https://en.wikipedia.org/wiki/Hydrophorus
hydropsyche,hydropsyche,hydropsyche,,,https://en.wikipedia.org/wiki/Hydropsyche
hydropsyche~frisoni,hydropsyche~frisoni,hydropsyche~frisoni,,,
hydropsyche~incommoda,hydropsyche~incommoda,hydropsyche~incommoda,,,
hydropsyche~orris,hydropsyche~orris,hydropsyche~orris,,,
hydropsyche~simulans,hydropsyche~simulans,hydropsyche~simulans,,,
hydropsychidae,hydropsychidae,hydropsychidae,,,https://en.wikipedia.org/wiki/Hydropsychidae
hydroptila,hydroptila,hydroptila,,,https://en.wikipedia.org/wiki/Hydroptila
hydroptilidae,hydroptilidae,hydroptilidae,,,https://en.wikipedia.org/wiki/Hydroptilidae
hydrozoa,hydrozoa,hydrozoa,,,https://en.wikipedia.org/wiki/Hydrozoa
hypocharassus,hypocharassus,hypocharassus,,,https://en.wikipedia.org/wiki/Hypocharassus
idotea,idotea,idotea,,,https://en.wikipedia.org/wiki/Idotea
idoteidae,idoteidae,idoteidae,,,https://en.wikipedia.org/wiki/Idoteidae
ilyodrilus,ilyodrilus,ilyodrilus,,,
insecta,insecta,insecta,insect,,https://en.wikipedia.org/wiki/Insect
ironoquia,ironoquia,ironoquia,,,
isopoda,isopoda,isopoda,,,https://en.wikipedia.org/wiki/Isopoda
ithytrichia,ithytrichia,ithytrichia,,,
kellicottia,kellicottia,kellicottia,,,
keratella,keratella,keratella,,,
kiefferulus,kiefferulus,kiefferulus,,,https://en.wikipedia.org/wiki/Kiefferulus
klebsiella,klebsiella,klebsiella,,,https://en.wikipedia.org/wiki/Klebsiella
klebsiella~pneumoniae,klebsiella~pneumoniae,klebsiella~pneumoniae,,,https://en.wikipedia.org/wiki/Klebsiella_pneumoniae
krenopelopia,krenopelopia,krenopelopia,,,https://en.wikipedia.org/wiki/Krenopelopia
krenosmittia,krenosmittia,krenosmittia,,,https://en.wikipedia.org/wiki/Krenosmittia
labrundinia,labrundinia,labrundinia,,,https://en.wikipedia.org/wiki/Labrundinia
lampropidae,lampropidae,lampropidae,,,https://en.wikipedia.org/wiki/Lampropidae
lamprops,lamprops,lamprops,,,
langessa,langessa,langessa,,,https://en.wikipedia.org/wiki/Langessa
larsia,larsia,larsia,,,https://en.wikipedia.org/wiki/Larsia
latona,latona,latona,,,
latonopsis,latonopsis,latonopsis,,,
lauterborniella,lauterborniella,lauterborniella,,,https://en.wikipedia.org/wiki/Lauterborniella
lecane,lecane,lecane,,,
lecanidae,lecanidae,lecanidae,,,
legionella,legionella,legionella,,,https://en.wikipedia.org/wiki/Legionella
lenarchus,lenarchus,lenarchus,,,
lepadella,lepadella,lepadella,,,
lepania,lepania,lepania,,,
lepidoptera,lepidoptera,lepidoptera,,,https://en.wikipedia.org/wiki/Lepidoptera
lepidostoma,lepidostoma,lepidostoma,,,
lepidostomatidae,lepidostomatidae,lepidostomatidae,,,https://en.wikipedia.org/wiki/Lepidostomatidae
leptoceridae,leptoceridae,leptoceridae,,,https://en.wikipedia.org/wiki/Leptoceridae
leptocerus,leptocerus,leptocerus,,,
leptochelia,leptochelia,leptochelia,,,
leptonema,leptonema,leptonema,,,
leptophylax,leptophylax,leptophylax,,,
leptostylis,leptostylis,leptostylis,pycnandra,,https://en.wikipedia.org/wiki/Pycnandra
leuconidae,leuconidae,leuconidae,,,https://en.wikipedia.org/wiki/Leuconidae
leucotrichia,leucotrichia,leucotrichia,,,
limnephilidae,limnephilidae,limnephilidae,,,https://en.wikipedia.org/wiki/Limnephilidae
limnephilus,limnephilus,limnephilus,,,https://en.wikipedia.org/wiki/Limnephilus
limnochironomus,limnochironomus,limnochironomus,,,
limnodrilus,limnodrilus,limnodrilus,,,
limnophila,limnophila,limnophila,,,https://en.wikipedia.org/wiki/Limnophila
limnophora,limnophora,limnophora,,,https://en.wikipedia.org/wiki/Limnophora
limonia,limonia,limonia,,,https://en.wikipedia.org/wiki/Limonia
lineidae,lineidae,lineidae,,,https://en.wikipedia.org/wiki/Lineidae
lineus,lineus,lineus,,,https://en.wikipedia.org/wiki/Lineus
lirceus,lirceus,lirceus,,,https://en.wikipedia.org/wiki/Lirceus
liriope,liriope,liriope,,,
lispe,lispe,lispe,,,https://en.wikipedia.org/wiki/Lispe
lispoides,lispoides,lispoides,,,
lophocharis,lophocharis,lophocharis,,,
lumbriculidae,lumbriculidae,lumbriculidae,,,https://en.wikipedia.org/wiki/Lumbriculidae
lumbriculus,lumbriculus,lumbriculus,,,https://en.wikipedia.org/wiki/Lumbriculus
lype,lype,lype,,,
macrobdella,macrobdella,macrobdella,,,
macrobrachium,macrobrachium,macrobrachium,,,https://en.wikipedia.org/wiki/Macrobrachium
macrochaetus,macrochaetus,macrochaetus,,,
macronema,macronema,macronema,ericameria,,https://en.wikipedia.org/wiki/Ericameria
macropelopia,macropelopia,macropelopia,,,https://en.wikipedia.org/wiki/Macropelopia
macrothricidae,macrothricidae,macrothricidae,,,
macrothrix,macrothrix,macrothrix,,,
magelonidae,magelonidae,magelonidae,,,
maldanidae,maldanidae,maldanidae,,,
mallochohelea,mallochohelea,mallochohelea,,,
manophylax,manophylax,manophylax,,,
mansonia,mansonia,mansonia,,,https://en.wikipedia.org/wiki/Mansonia
marilia,marilia,marilia,,,
maruina,maruina,maruina,,,
matrioptila,matrioptila,matrioptila,,,
mayatrichia,mayatrichia,mayatrichia,,,
melanderia,melanderia,melanderia,,,https://en.wikipedia.org/wiki/Melanderia
mesocricotopus,mesocricotopus,mesocricotopus,,,
mesocyclops,mesocyclops,mesocyclops,,,https://en.wikipedia.org/wiki/Mesocyclops
metacnephia,metacnephia,metacnephia,,,
metriocnemus,metriocnemus,metriocnemus,,,https://en.wikipedia.org/wiki/Metriocnemus
micrasema,micrasema,micrasema,,,
microcricotopus,microcricotopus,microcricotopus,,,
micropsectra,micropsectra,micropsectra,,,https://en.wikipedia.org/wiki/Micropsectra
microtendipes,microtendipes,microtendipes,,,https://en.wikipedia.org/wiki/Microtendipes
micrura,micrura,micrura,,,
mochlonyx,mochlonyx,mochlonyx,,,
molanna,molanna,molanna,,,
molannidae,molannidae,molannidae,,,
monodiamesa,monodiamesa,monodiamesa,,,https://en.wikipedia.org/wiki/Monodiamesa
monohelea,monohelea,monohelea,,,
monopelopia,monopelopia,monopelopia,,,https://en.wikipedia.org/wiki/Monopelopia
monostyla,monostyla,monostyla,,,
moselyana,moselyana,moselyana,,,
munroessa,munroessa,munroessa,elophila,,https://en.wikipedia.org/wiki/Elophila
muscidae,muscidae,muscidae,,,https://en.wikipedia.org/wiki/Muscidae
mysidacea,mysidacea,mysidacea,,,https://en.wikipedia.org/wiki/Mysidacea
mysidae,mysidae,mysidae,,,https://en.wikipedia.org/wiki/Mysidae
mystacides,mystacides,mystacides,,,
mytilina,mytilina,mytilina,,,
myzobdella,myzobdella,myzobdella,,,
naididae,naididae,naididae,,,https://en.wikipedia.org/wiki/Naididae
naineris,naineris,naineris,,,
nais,nais,nais,,,https://en.wikipedia.org/wiki/Nais_(fungus)
namamyia,namamyia,namamyia,,,
nannastacidae,nannastacidae,nannastacidae,,,https://en.wikipedia.org/wiki/Nannastacidae
nanocladius,nanocladius,nanocladius,,,https://en.wikipedia.org/wiki/Nanocladius
nanocladius~distinctus,nanocladius~distinctus,nanocladius~distinctus,,,
natarsia,natarsia,natarsia,,,https://en.wikipedia.org/wiki/Natarsia
neargyractis,neargyractis,neargyractis,,,https://en.wikipedia.org/wiki/Neargyractis
nebaliacea,nebaliacea,nebaliacea,,,
neck,neck,neck,,,https://en.wikipedia.org/wiki/Neck
nectopsyche,nectopsyche,nectopsyche,,,
nematoda,nematoda,nematoda,,,
nematomorpha,nematomorpha,nematomorpha,,,https://en.wikipedia.org/wiki/Nematomorpha
nemertea,nemertea,nemertea,,,https://en.wikipedia.org/wiki/Nemertea
nemotaulius,nemotaulius,nemotaulius,,,
nemotelus,nemotelus,nemotelus,,,https://en.wikipedia.org/wiki/Nemotelus
nemoura,nemoura,nemoura,,,
nemouridae,nemouridae,nemouridae,,,https://en.wikipedia.org/wiki/Nemouridae
neocataclysta,neocataclysta,neocataclysta,,,https://en.wikipedia.org/wiki/Neocataclysta
neophylax,neophylax,neophylax,,,
neothremma,neothremma,neothremma,,,
neotrichia,neotrichia,neotrichia,,,
nephelopsis,nephelopsis,nephelopsis,erpobdella,,https://en.wikipedia.org/wiki/Erpobdella
nephtyidae,nephtyidae,nephtyidae,,,https://en.wikipedia.org/wiki/Nephtyidae
nepticula,nepticula,nepticula,stigmella,,https://en.wikipedia.org/wiki/Stigmella_(moth)
nepticulidae,nepticulidae,nepticulidae,,,https://en.wikipedia.org/wiki/Nepticulidae
nereis,nereis,nereis,,,https://en.wikipedia.org/wiki/Nereis
nerophilus,nerophilus,nerophilus,,,
neureclipsis,neureclipsis,neureclipsis,,,https://en.wikipedia.org/wiki/Neureclipsis
neureclipsis~crepuscularis,neureclipsis~crepuscularis,neureclipsis~crepuscularis,,,https://en.wikipedia.org/wiki/Neureclipsis_crepuscularis
nilotanypus,nilotanypus,nilotanypus,,,https://en.wikipedia.org/wiki/Nilotanypus
nilothauma,nilothauma,nilothauma,,,https://en.wikipedia.org/wiki/Nilothauma
noctuidae,noctuidae,noctuidae,,,https://en.wikipedia.org/wiki/Noctuidae
notholca,notholca,notholca,,,https://en.wikipedia.org/wiki/Notholca
notommata,notommata,notommata,,,
notommatidae,notommatidae,notommatidae,,,https://en.wikipedia.org/wiki/Notommatidae
notostraca,notostraca,notostraca,,,https://en.wikipedia.org/wiki/Notostraca
nyctiophylax,nyctiophylax,nyctiophylax,,,
nymphomyiidae,nymphomyiidae,nymphomyiidae,,,https://en.wikipedia.org/wiki/Nymphomyiidae
nymphula,nymphula,nymphula,,,https://en.wikipedia.org/wiki/Nymphula
nymphuliella,nymphuliella,nymphuliella,,,https://en.wikipedia.org/wiki/Nymphuliella
occidentalia,occidentalia,occidentalia,,,https://en.wikipedia.org/wiki/Occidentalia
ochrotrichia,ochrotrichia,ochrotrichia,,,https://en.wikipedia.org/wiki/Ochrotrichia
odontoceridae,odontoceridae,odontoceridae,,,
odontomesa,odontomesa,odontomesa,,,https://en.wikipedia.org/wiki/Odontomesa
oecetis,oecetis,oecetis,,,
oligobdella,oligobdella,oligobdella,,,
oligochaeta,oligochaeta,oligochaeta,,,https://en.wikipedia.org/wiki/Oligochaeta
oligophlebodes,oligophlebodes,oligophlebodes,,,
oligostigmoides,oligostigmoides,oligostigmoides,,,https://en.wikipedia.org/wiki/Oligostigmoides
oligostomis,oligostomis,oligostomis,,,
oligotricha,oligotricha,oligotricha,,,
omisus,omisus,omisus,,,https://en.wikipedia.org/wiki/Omisus
onocosmoecus,onocosmoecus,onocosmoecus,,,
onuphidae,onuphidae,onuphidae,,,https://en.wikipedia.org/wiki/Onuphidae
opheliidae,opheliidae,opheliidae,,,https://en.wikipedia.org/wiki/Opheliidae
orbinia,orbinia,orbinia,,,
orbiniidae,orbiniidae,orbiniidae,,,https://en.wikipedia.org/wiki/Orbiniidae
orconectes,orconectes,orconectes,,,https://en.wikipedia.org/wiki/Orconectes
orconectes~rusticus,orconectes~rusticus,orconectes~rusticus,,,https://en.wikipedia.org/wiki/Rusty_crayfish
organism,organism,organism,,,https://en.wikipedia.org/wiki/Organism
organisms,organisms,organisms,,organism,
ormosia,ormosia,ormosia,,,https://en.wikipedia.org/wiki/Ormosia
oropsyche,oropsyche,oropsyche,,,
orthocladius,orthocladius,orthocladius,,,https://en.wikipedia.org/wiki/Orthocladius
orthopodomyia,orthopodomyia,orthopodomyia,,,
orthotrichia,orthotrichia,orthotrichia,,,
ototyphlonemertidae,ototyphlonemertidae,ototyphlonemertidae,,,
oweniidae,oweniidae,oweniidae,,,https://en.wikipedia.org/wiki/Oweniidae
oxyelophila,oxyelophila,oxyelophila,,,https://en.wikipedia.org/wiki/Oxyelophila
oxyethira,oxyethira,oxyethira,,,
pacifastacus,pacifastacus,pacifastacus,,,https://en.wikipedia.org/wiki/Pacifastacus
paduniella,paduniella,paduniella,,,
pagastia,pagastia,pagastia,,,https://en.wikipedia.org/wiki/Pagastia
pagastiella,pagastiella,pagastiella,,,https://en.wikipedia.org/wiki/Pagastiella
pagastiella~ostansa,pagastiella~ostansa,pagastiella~ostansa,,,
palaeagapetus,palaeagapetus,palaeagapetus,,,
palaemonetes,palaemonetes,palaemonetes,,,https://en.wikipedia.org/wiki/Palaemonetes
palaemonetes~kadiakensis,palaemonetes~kadiakensis,palaemonetes~kadiakensis,,,https://en.wikipedia.org/wiki/Palaemonetes_kadiakensis
palaemonetes~paludosus,palaemonetes~paludosus,palaemonetes~paludosus,,,https://en.wikipedia.org/wiki/Palaemonetes_paludosus
palaemonidae,palaemonidae,palaemonidae,,,https://en.wikipedia.org/wiki/Palaemonidae
palaeodipteron,palaeodipteron,palaeodipteron,,,
paleonemertea,paleonemertea,paleonemertea,,,
palpomyia,palpomyia,palpomyia,,,
paraboreochlus,paraboreochlus,paraboreochlus,,,
paracandona,paracandona,paracandona,,,
parachaetocladius,parachaetocladius,parachaetocladius,,,
parachironomus,parachironomus,parachironomus,,,https://en.wikipedia.org/wiki/Parachironomus
parachironomus~monochromus,parachironomus~monochromus,parachironomus~monochromus,,,
parachironomus~sublettei,parachironomus~sublettei,parachironomus~sublettei,,,
paracladius,paracladius,paracladius,,,https://en.wikipedia.org/wiki/Paracladius
paracladopelma,paracladopelma,paracladopelma,,,https://en.wikipedia.org/wiki/Paracladopelma
paraclunio,paraclunio,paraclunio,,,
paracricotopus,paracricotopus,paracricotopus,,,https://en.wikipedia.org/wiki/Paracricotopus
paracyclops,paracyclops,paracyclops,,,
parakiefferiella,parakiefferiella,parakiefferiella,,,https://en.wikipedia.org/wiki/Parakiefferiella
paralauterborniella,paralauterborniella,paralauterborniella,,,https://en.wikipedia.org/wiki/Paralauterborniella
paramerina,paramerina,paramerina,,,https://en.wikipedia.org/wiki/Paramerina
parametriocnemus,parametriocnemus,parametriocnemus,,,https://en.wikipedia.org/wiki/Parametriocnemus
paraonidae,paraonidae,paraonidae,,,
paraphaenocladius,paraphaenocladius,paraphaenocladius,,,https://en.wikipedia.org/wiki/Paraphaenocladius
paraponyx,paraponyx,paraponyx,parapoynx,,https://en.wikipedia.org/wiki/Parapoynx
parapsyche,parapsyche,parapsyche,,,
paratanaidae,paratanaidae,paratanaidae,,,
paratanytarsus,paratanytarsus,paratanytarsus,,,https://en.wikipedia.org/wiki/Paratanytarsus
paratendipes,paratendipes,paratendipes,,,https://en.wikipedia.org/wiki/Paratendipes
paratrichocladius,paratrichocladius,paratrichocladius,,,https://en.wikipedia.org/wiki/Paratrichocladius
parochlus,parochlus,parochlus,,,
parorthocladius,parorthocladius,parorthocladius,,,https://en.wikipedia.org/wiki/Parorthocladius
parthina,parthina,parthina,,,
pectinariidae,pectinariidae,pectinariidae,,,https://en.wikipedia.org/wiki/Pectinariidae
pedicia,pedicia,pedicia,,,https://en.wikipedia.org/wiki/Pedicia
pedomoecus,pedomoecus,pedomoecus,,,
peloscolex,peloscolex,peloscolex,,,
peltoperla,peltoperla,peltoperla,,,
peltoperlidae,peltoperlidae,peltoperlidae,,,https://en.wikipedia.org/wiki/Peltoperlidae
pentaneura,pentaneura,pentaneura,,,
pericoma,pericoma,pericoma,,,
periphyton,periphyton,periphyton,,,https://en.wikipedia.org/wiki/Periphyton
phaenopsectra,phaenopsectra,phaenopsectra,,,https://en.wikipedia.org/wiki/Phaenopsectra
phalacrocera,phalacrocera,phalacrocera,,,https://en.wikipedia.org/wiki/Phalacrocera
phanocelia,phanocelia,phanocelia,,,
phaonia,phaonia,phaonia,,,https://en.wikipedia.org/wiki/Phaonia
pharyngobdellida,pharyngobdellida,pharyngobdellida,,,https://en.wikipedia.org/wiki/Arhynchobdellida
pherbellia,pherbellia,pherbellia,,,https://en.wikipedia.org/wiki/Pherbellia
philobdella,philobdella,philobdella,,,
philocasca,philocasca,philocasca,,,
philodina,philodina,philodina,,,
philopotamidae,philopotamidae,philopotamidae,,,https://en.wikipedia.org/wiki/Philopotamidae
philorus,philorus,philorus,,,
phoridae,phoridae,phoridae,,,https://en.wikipedia.org/wiki/Phoridae
phoronida,phoronida,phoronida,,,
phryganea,phryganea,phryganea,,,
phryganeidae,phryganeidae,phryganeidae,,,
phyllodocidae,phyllodocidae,phyllodocidae,,,https://en.wikipedia.org/wiki/Phyllodocidae
phylloicus,phylloicus,phylloicus,,,
phylocentropus,phylocentropus,phylocentropus,,,
physocypria,physocypria,physocypria,,,
pilargidae,pilargidae,pilargidae,,,https://en.wikipedia.org/wiki/Pilargidae
pilaria,pilaria,pilaria,,,https://en.wikipedia.org/wiki/Pilaria
piscicola,piscicola,piscicola,,,
piscicolaria,piscicolaria,piscicolaria,,,
piscicolidae,piscicolidae,piscicolidae,,,
placobdella,placobdella,placobdella,,,
planariidae,planariidae,planariidae,,,https://en.wikipedia.org/wiki/Planariidae
plankton,plankton,plankton,,,https://en.wikipedia.org/wiki/Plankton
plankton~phytoplankton,phytoplankton,phytoplankton,,,https://en.wikipedia.org/wiki/Phytoplankton
plankton~phytoplankton~diatom,diatom,diatom,,,https://en.wikipedia.org/wiki/Diatom
plankton~phytoplankton~diatoms,diatoms,diatoms,,diatom,https://en.wikipedia.org/wiki/Diatom
plankton~phytoplankton~picophytoplankton,picophytoplankton,picophytoplankton,,,
plankton~zooplankton,zooplankton,zooplankton,,,https://en.wikipedia.org/wiki/Zooplankton
plankton~zooplankton~mesozooplankton,mesozooplankton,mesozooplankton,,,
plankton~zooplankton~microzooplankton,microzooplankton,microzooplankton,,,
plant,plant,plant,,,https://en.wikipedia.org/wiki/Plant
platycentropus,platycentropus,platycentropus,,,
platyhelminthes,platyhelminthes,platyhelminthes,flatworm,,https://en.wikipedia.org/wiki/Flatworm
plecoptera,plecoptera,plecoptera,stoneflies,,https://en.wikipedia.org/wiki/Plecoptera
plecopteracoluthus,plecopteracoluthus,plecopteracoluthus,,,
pleuroxus,pleuroxus,pleuroxus,,,
ploesoma,ploesoma,ploesoma,,,
ploima,ploima,ploima,,,https://en.wikipedia.org/wiki/Ploima
polyarthra,polyarthra,polyarthra,,,
polycelis,polycelis,polycelis,planariidae,,https://en.wikipedia.org/wiki/Planariidae
polycentropodidae,polycentropodidae,polycentropodidae,,,https://en.wikipedia.org/wiki/Polycentropodidae
polycentropus,polycentropus,polycentropus,,,
polynoidae,polynoidae,polynoidae,,,https://en.wikipedia.org/wiki/Polynoidae
polypedilum,polypedilum,polypedilum,,,https://en.wikipedia.org/wiki/Polypedilum
polypedilum~halterale,polypedilum~halterale,polypedilum~halterale,,,
polypedilum~tritum,polypedilum~tritum,polypedilum~tritum,,,
polyplectropus,polyplectropus,polyplectropus,,,
pompholyx,pompholyx,pompholyx,dyshidrosis,,https://en.wikipedia.org/wiki/Dyshidrosis
porifera,porifera,porifera,sponge,,https://en.wikipedia.org/wiki/Sponge
portunidae,portunidae,portunidae,,,https://en.wikipedia.org/wiki/Portunidae
potamilla,potamilla,potamilla,,,
potamothrix,potamothrix,potamothrix,,,
potamyia,potamyia,potamyia,,,
potamyia~flava,potamyia~flava,potamyia~flava,,,
potthastia,potthastia,potthastia,,,https://en.wikipedia.org/wiki/Potthastia
prionocera,prionocera,prionocera,,,https://en.wikipedia.org/wiki/Prionocera
pristina,pristina,pristina,,,
proales,proales,proales,,,
probezzia,probezzia,probezzia,,,
procambarus,procambarus,procambarus,,,https://en.wikipedia.org/wiki/Procambarus
procambarus~simulans,procambarus~simulans,procambarus~simulans,,,
procladius,procladius,procladius,,,https://en.wikipedia.org/wiki/Procladius
procladius~bellus,procladius~bellus,procladius~bellus,,,
prodiamesa,prodiamesa,prodiamesa,,,https://en.wikipedia.org/wiki/Prodiamesa
prosimulium,prosimulium,prosimulium,,,
prosorhochmidae,prosorhochmidae,prosorhochmidae,,,https://en.wikipedia.org/wiki/Prosorhochmidae
prostoia,prostoia,prostoia,,,
prostoma,prostoma,prostoma,,,https://en.wikipedia.org/wiki/Prostoma
protanypus,protanypus,protanypus,,,https://en.wikipedia.org/wiki/Protanypus
protoplasa,protoplasa,protoplasa,,,
protoptila,protoptila,protoptila,,,
protozoa,protozoa,protozoa,,,https://en.wikipedia.org/wiki/Protozoa
psectrocladius,psectrocladius,psectrocladius,,,https://en.wikipedia.org/wiki/Psectrocladius
psectrotanypus,psectrotanypus,psectrotanypus,,,https://en.wikipedia.org/wiki/Psectrotanypus
pseudochironomus,pseudochironomus,pseudochironomus,,,https://en.wikipedia.org/wiki/Pseudochironomus
pseudochironomus~fulviventris,pseudochironomus~fulviventris,pseudochironomus~fulviventris,,,
pseudocumidae,pseudocumidae,pseudocumidae,,,
pseudodiamesa,pseudodiamesa,pseudodiamesa,,,https://en.wikipedia.org/wiki/Pseudodiamesa
pseudogoera,pseudogoera,pseudogoera,,,
pseudolimnophila,pseudolimnophila,pseudolimnophila,,,https://en.wikipedia.org/wiki/Pseudolimnophila
pseudomonas,pseudomonas,pseudomonas,,,https://en.wikipedia.org/wiki/Pseudomonas
pseudomonas~aeruginosa,pseudomonas~aeruginosa,pseudomonas~aeruginosa,,,https://en.wikipedia.org/wiki/Pseudomonas_aeruginosa
pseudosmittia,pseudosmittia,pseudosmittia,,,https://en.wikipedia.org/wiki/Pseudosmittia
pseudostenophylax,pseudostenophylax,pseudostenophylax,,,https://en.wikipedia.org/wiki/Pseudostenophylax
psilometriocnemus,psilometriocnemus,psilometriocnemus,,,https://en.wikipedia.org/wiki/Psilometriocnemus
psilopa,psilopa,psilopa,,,https://en.wikipedia.org/wiki/Psilopa
psilotanypus,psilotanypus,psilotanypus,,,
psilotreta,psilotreta,psilotreta,,,
psorophora,psorophora,psorophora,,,https://en.wikipedia.org/wiki/Psorophora
psychoda,psychoda,psychoda,,,
psychodidae,psychodidae,psychodidae,fly~drain,,https://en.wikipedia.org/wiki/Drain_fly
psychoglypha,psychoglypha,psychoglypha,,,
psychomyia,psychomyia,psychomyia,,,
psychomyiidae,psychomyiidae,psychomyiidae,,,https://en.wikipedia.org/wiki/Psychomyiidae
psychoronia,psychoronia,psychoronia,,,
pteromicra,pteromicra,pteromicra,,,
pteronarcella,pteronarcella,pteronarcella,,,
pteronarcys,pteronarcys,pteronarcys,,,https://en.wikipedia.org/wiki/Pteronarcys
ptilostomis,ptilostomis,ptilostomis,,,
ptygura,ptygura,ptygura,,,
pycnopsyche,pycnopsyche,pycnopsyche,,,
pyrausta,pyrausta,pyrausta,,,https://en.wikipedia.org/wiki/Pyrausta
renocera,renocera,renocera,,,
rheocricotopus,rheocricotopus,rheocricotopus,,,https://en.wikipedia.org/wiki/Rheocricotopus
rheopelopia,rheopelopia,rheopelopia,,,https://en.wikipedia.org/wiki/Rheopelopia
rheotanytarsus,rheotanytarsus,rheotanytarsus,,,https://en.wikipedia.org/wiki/Rheotanytarsus
rhyacodrilus,rhyacodrilus,rhyacodrilus,,,
rhyacophila,rhyacophila,rhyacophila,,,https://en.wikipedia.org/wiki/Rhyacophila
rhyacophila~fuscula,rhyacophila~fuscula,rhyacophila~fuscula,,,
rhyacophilidae,rhyacophilidae,rhyacophilidae,,,https://en.wikipedia.org/wiki/Rhyacophilidae
rhynchelmis,rhynchelmis,rhynchelmis,,,https://en.wikipedia.org/wiki/Rhynchelmis
rhynchobdellida,rhynchobdellida,rhynchobdellida,,,https://en.wikipedia.org/wiki/Rhynchobdellida
robackia,robackia,robackia,,,https://en.wikipedia.org/wiki/Robackia
roederiodes,roederiodes,roederiodes,,,
rossiana,rossiana,rossiana,,,
rotifera,rotifera,rotifera,,,
sabellariidae,sabellariidae,sabellariidae,,,https://en.wikipedia.org/wiki/Sabellariidae
sabellidae,sabellidae,sabellidae,,,https://en.wikipedia.org/wiki/Sabellidae
salmonella,salmonella,salmonella,,,https://en.wikipedia.org/wiki/Salmonella
scapholeberis,scapholeberis,scapholeberis,,,
scaridium,scaridium,scaridium,,,
schoenobius,schoenobius,schoenobius,,,https://en.wikipedia.org/wiki/Schoenobius
sciomyza,sciomyza,sciomyza,,,
sciomyzidae,sciomyzidae,sciomyzidae,,,https://en.wikipedia.org/wiki/Sciomyzidae
scoloplos,scoloplos,scoloplos,,,
scyphozoa,scyphozoa,scyphozoa,,,https://en.wikipedia.org/wiki/Scyphozoa
secernentea,secernentea,secernentea,,,https://en.wikipedia.org/wiki/Secernentea
sepedon,sepedon,sepedon,,,https://en.wikipedia.org/wiki/Sepedon
sericostomatidae,sericostomatidae,sericostomatidae,,,
serpulidae,serpulidae,serpulidae,,,https://en.wikipedia.org/wiki/Serpulidae
setodes,setodes,setodes,,,
sida,sida,sida,,,
sididae,sididae,sididae,,,
sierraperla,sierraperla,sierraperla,,,
sigalionidae,sigalionidae,sigalionidae,,,
simocephalus,simocephalus,simocephalus,,,
simuliidae,simuliidae,simuliidae,fly~black,,https://en.wikipedia.org/wiki/Black_fly
simulium,simulium,simulium,,,https://en.wikipedia.org/wiki/Simulium
simulium~venustum,simulium~venustum,simulium~venustum,,,
simulium~vittatum,simulium~vittatum,simulium~vittatum,,,
simyra,simyra,simyra,,,https://en.wikipedia.org/wiki/Simyra_(moth)
sipunculoidea,sipunculoidea,sipunculoidea,"sipuncula, sipunculida",,https://en.wikipedia.org/wiki/Sipuncula
slavina,slavina,slavina,,,
smicridea,smicridea,smicridea,,,
smithsonidrilus,smithsonidrilus,smithsonidrilus,,,
smittia,smittia,smittia,,,https://en.wikipedia.org/wiki/Smittia
soliperla,soliperla,soliperla,,,
specaria,specaria,specaria,,,
sphaerodoridae,sphaerodoridae,sphaerodoridae,,,
sphaeroma,sphaeroma,sphaeroma,,,https://en.wikipedia.org/wiki/Sphaeroma
sphaeromatidae,sphaeromatidae,sphaeromatidae,,,https://en.wikipedia.org/wiki/Sphaeromatidae
sphaeromias,sphaeromias,sphaeromias,,,
spilogona,spilogona,spilogona,,,https://en.wikipedia.org/wiki/Spilogona
spionidae,spionidae,spionidae,,,https://en.wikipedia.org/wiki/Spionidae
spongilla,spongilla,spongilla,,,https://en.wikipedia.org/wiki/Spongilla
spongillidae,spongillidae,spongillidae,,,https://en.wikipedia.org/wiki/Spongillidae
stactobiella,stactobiella,stactobiella,,,
stegopterna,stegopterna,stegopterna,,,
stempellina,stempellina,stempellina,,,https://en.wikipedia.org/wiki/Stempellina
stempellinella,stempellinella,stempellinella,,,https://en.wikipedia.org/wiki/Stempellinella
stenochironomus,stenochironomus,stenochironomus,,,https://en.wikipedia.org/wiki/Stenochironomus
stenocypris,stenocypris,stenocypris,,,
sternaspidae,sternaspidae,sternaspidae,,,
stictochironomus,stictochironomus,stictochironomus,,,https://en.wikipedia.org/wiki/Stictochironomus
stilobezzia,stilobezzia,stilobezzia,,,
stratiomys,stratiomys,stratiomys,,,https://en.wikipedia.org/wiki/Stratiomys
streptococci,streptococci,streptococci,,streptococcus,
streptococci~fecal,streptococci~fecal,streptococci~fecal,,,
streptococcus,streptococcus,streptococcus,,,https://en.wikipedia.org/wiki/Streptococcus
sturgeon,sturgeon,sturgeon,,,https://en.wikipedia.org/wiki/Sturgeon
sturgeon~shovelnose,sturgeon~shovelnose,sturgeon~shovelnose,scaphirhynchus~platorynchus,,https://en.wikipedia.org/wiki/Shovelnose_sturgeon
stygobromus,stygobromus,stygobromus,,,https://en.wikipedia.org/wiki/Stygobromus
stygonectes,stygonectes,stygonectes,,,
stylaria,stylaria,stylaria,,,
stylodrilus,stylodrilus,stylodrilus,,,
submarine,submarine,submarine,,,http://en.wikipedia.org/wiki/Submarine
sutroa,sutroa,sutroa,,,
syllidae,syllidae,syllidae,,,https://en.wikipedia.org/wiki/Syllidae
symbiocladius,symbiocladius,symbiocladius,,,
symphitopsyche,symphitopsyche,symphitopsyche,,,
sympotthastia,sympotthastia,sympotthastia,,,https://en.wikipedia.org/wiki/Sympotthastia
synchaeta,synchaeta,synchaeta,gnaphalium,,https://en.wikipedia.org/wiki/Gnaphalium
synchaetidae,synchaetidae,synchaetidae,,,
synclita,synclita,synclita,elophila,,https://en.wikipedia.org/wiki/Elophila
synorthocladius,synorthocladius,synorthocladius,,,https://en.wikipedia.org/wiki/Synorthocladius
synurella,synurella,synurella,,,
syrphidae,syrphidae,syrphidae,fly~hover,,https://en.wikipedia.org/wiki/Hoverfly
systenus,systenus,systenus,,,https://en.wikipedia.org/wiki/Systenus
tabanidae,tabanidae,tabanidae,fly~horse,,https://en.wikipedia.org/wiki/Horse-fly
tabanus,tabanus,tabanus,,,https://en.wikipedia.org/wiki/Tabanus
tachytrechus,tachytrechus,tachytrechus,,,https://en.wikipedia.org/wiki/Tachytrechus
talitridae,talitridae,talitridae,,,https://en.wikipedia.org/wiki/Talitridae
tallaperla,tallaperla,tallaperla,,,
tanaidacea,tanaidacea,tanaidacea,,,https://en.wikipedia.org/wiki/Tanaidacea
tanaidae,tanaidae,tanaidae,,,
tanais,tanais,tanais,,,
tanyderidae,tanyderidae,tanyderidae,,,https://en.wikipedia.org/wiki/Tanyderidae
tanypus,tanypus,tanypus,,,https://en.wikipedia.org/wiki/Tanypus
tanytarsus,tanytarsus,tanytarsus,,,https://en.wikipedia.org/wiki/Tanytarsus
taphromysis,taphromysis,taphromysis,,,
telmatogeton,telmatogeton,telmatogeton,,,https://en.wikipedia.org/wiki/Telmatogeton
telmatoscopus,telmatoscopus,telmatoscopus,,,
telopelopia,telopelopia,telopelopia,,,
temoridae,temoridae,temoridae,,,https://en.wikipedia.org/wiki/Temoridae
terebellidae,terebellidae,terebellidae,,,https://en.wikipedia.org/wiki/Terebellidae
testudinella,testudinella,testudinella,,,
testudinellidae,testudinellidae,testudinellidae,,,
tetanocera,tetanocera,tetanocera,,,
tetrastemma,tetrastemma,tetrastemma,,,
tetrastemmatidae,tetrastemmatidae,tetrastemmatidae,,,
thienemannia,thienemannia,thienemannia,,,https://en.wikipedia.org/wiki/Thienemannia
thienemanniella,thienemanniella,thienemanniella,,,https://en.wikipedia.org/wiki/Thienemanniella
thienemannimyia,thienemannimyia,thienemannimyia,,,https://en.wikipedia.org/wiki/Thienemannimyia
tinodes,tinodes,tinodes,,,
tipula,tipula,tipula,,,https://en.wikipedia.org/wiki/Tipula
tipulidae,tipulidae,tipulidae,fly~crane,,https://en.wikipedia.org/wiki/Crane_fly
tortricidae,tortricidae,tortricidae,,,https://en.wikipedia.org/wiki/Tortricidae
toxorhynchites,toxorhynchites,toxorhynchites,,,https://en.wikipedia.org/wiki/Toxorhynchites
tree,tree,tree,,,https://en.wikipedia.org/wiki/Tree
tree~oak,tree~oak,tree~oak,,,https://en.wikipedia.org/wiki/Oak_tree
tree~oak~bluejack,tree~oak~bluejack,tree~oak~bluejack,,,https://en.wikipedia.org/wiki/Quercus_incana
triaenodes,triaenodes,triaenodes,,,https://en.wikipedia.org/wiki/Triaenodes
trichocerca,trichocerca,trichocerca,,,
trichocercidae,trichocercidae,trichocercidae,,,
trichocladius,trichocladius,trichocladius,,,
trichoptera,trichoptera,trichoptera,caddisfly,,https://en.wikipedia.org/wiki/Caddisfly
trichotanypus,trichotanypus,trichotanypus,,,
trichotria,trichotria,trichotria,,,
tricladida,tricladida,tricladida,,,https://en.wikipedia.org/wiki/Tricladida
trissocladius,trissocladius,trissocladius,,,https://en.wikipedia.org/wiki/Trissocladius
trissopelopia,trissopelopia,trissopelopia,,,https://en.wikipedia.org/wiki/Trissopelopia
trochochaetidae,trochochaetidae,trochochaetidae,,,
tropocyclops,tropocyclops,tropocyclops,,,https://en.wikipedia.org/wiki/Tropocyclops
tubifex,tubifex,tubifex,,,https://en.wikipedia.org/wiki/Tubifex
tubificidae,tubificidae,tubificidae,naididae,,https://en.wikipedia.org/wiki/Naididae
tubulanidae,tubulanidae,tubulanidae,,,https://en.wikipedia.org/wiki/Tubulanidae
turbellaria,turbellaria,turbellaria,,,https://en.wikipedia.org/wiki/Turbellaria
twinnia,twinnia,twinnia,,,
undulambia,undulambia,undulambia,,,https://en.wikipedia.org/wiki/Undulambia
uranotaenia,uranotaenia,uranotaenia,,,https://en.wikipedia.org/wiki/Uranotaenia
usingeriessa,usingeriessa,usingeriessa,,,https://en.wikipedia.org/wiki/Usingeriessa
viehoperla,viehoperla,viehoperla,,,
virus,virus,virus,,,https://en.wikipedia.org/wiki/Virus
virus~calcivirus,calcivirus,calcivirus,,,https://en.wikipedia.org/wiki/Caliciviridae
virus~chicken-pox,virus~chicken-pox,virus~chicken-pox,,,https://en.wikipedia.org/wiki/Varicella_zoster_virus
virus~enteric,virus~enteric,virus~enteric,enterovirus,,https://en.wikipedia.org/wiki/Enterovirus
wiedemannia,wiedemannia,wiedemannia,,,
wirthiella,wirthiella,wirthiella,,,
wormaldia,wormaldia,wormaldia,,,
xenochironomus,xenochironomus,xenochironomus,,,https://en.wikipedia.org/wiki/Xenochironomus
xiphocentron,xiphocentron,xiphocentron,,,
yoraperla,yoraperla,yoraperla,,,
yphria,yphria,yphria,,,
zalutschia,zalutschia,zalutschia,,,https://en.wikipedia.org/wiki/Zalutschia
zavrelia,zavrelia,zavrelia,,,https://en.wikipedia.org/wiki/Zavrelia
zavrelimyia,zavrelimyia,zavrelimyia,,,https://en.wikipedia.org/wiki/Zavrelimyia
zumatrichia,zumatrichia,zumatrichia,,,
